user_query,llm_name,response
Data Science,GPT-Neo 1.3B,"Data Science

Data Science

Data Science

Data Science

Data Science

Data Science

Data Science

Data Science

Data Science

Data Science

Data Science

Data Science

Data Science

Data Science

Data Science

Data Science

Data Science

Data Science

Data Science

Data Science

Data Science

Data Science

Data Science

Data Science

Data Science

Data Science

Data Science

Data Science

Data Science

Data Science

Data Science

Data Science

Data Science

Data Science

Data Science

Data Science

Data Science

Data Science

Data Science

Data Science

Data Science

Data Science

Data Science

Data Science

Data Science

Data Science

Data Science

Data Science

Data Science

Data Science

Data Science

Data Science

Data Science

Data Science

Data Science

Data Science

Data Science

Data Science

Data Science

Data Science

Data Science

Data Science

Data Science

Data Science

Data Science

Data Science

Data Science

Data Science

Data Science

Data Science

Data Science

Data Science

Data Science

Data Science

Data Science

"
Advantages of Data Science,GPT-Neo 1.3B,"Advantages of Data Science

Data science is a field of study that deals with the analysis of data. Data science is a field of study that deals with the analysis of data. Data science is a field of study that deals with the analysis of data. Data science is a field of study that deals with the analysis of data. Data science is a field of study that deals with the analysis of data. Data science is a field of study that deals with the analysis of data. Data science is a field of study that deals with the analysis of data. Data science is a field of study that deals with the analysis of data. Data science is a field of study that deals with the analysis of data. Data science is a field of study that deals with the analysis of data. Data science is a field of study that deals with the analysis of data. Data science is a field of study that deals with the analysis of data. Data science is a field of study that deals with the analysis of data. Data science is a field of study that deals with the analysis of data. Data science is a field of study that deals with the analysis of data. Data science is a field of study that deals with the analysis of data. Data science is a field of study that deals with the analysis of data. Data science is a field of study that deals with the analysis of data. Data science is a field of study that deals with the analysis of data. Data science is a field of study"
